{"cameraMode":{"drawMode":0,"name":"Shaded","section":"Shading Mode"},"sceneLighting":true,"audioPlay":false,"sceneViewState":{"m_AlwaysRefresh":false,"showFog":true,"showSkybox":true,"showFlares":true,"showImageEffects":true,"showParticleSystems":true,"showVisualEffectGraphs":true,"m_FxEnabled":true},"in2DMode":false,"pivot":{"x":1.418468713760376,"y":0.5186417102813721,"z":-0.6058874130249023},"rotation":{"x":-0.037017032504081729,"y":-0.09697021543979645,"z":0.0036137148272246124,"w":-0.9946200251579285},"size":4.029871463775635,"orthographic":false}