{"cameraMode":{"drawMode":0,"name":"Shaded","section":"Shading Mode"},"sceneLighting":true,"audioPlay":false,"sceneViewState":{"m_AlwaysRefresh":false,"showFog":true,"showSkybox":true,"showFlares":true,"showImageEffects":true,"showParticleSystems":true,"showVisualEffectGraphs":true,"m_FxEnabled":true},"in2DMode":false,"pivot":{"x":-15.425142288208008,"y":17.82491683959961,"z":82.52302551269531},"rotation":{"x":0.011718513444066048,"y":0.9882236123085022,"z":-0.11314809322357178,"w":0.10234839469194412},"size":4.029871463775635,"orthographic":false}